filename, Voltage, Version,Notes on when things start to get bad
20220524T181730_2614231121589262_2.0.wav,4.46,1/5/2022,good recording
20220524T182730_2614231121589262_2.0.wav,4.54,1/5/2022,
20220524T183730_2614231121589262_2.0.wav,4.54,1/5/2022,
20220524T184730_2614231121589262_2.0.wav,4.51,1/5/2022,
20220524T185730_2614231121589262_2.0.wav,4.5,1/5/2022,
20220524T190730_2614231121589262_2.0.wav,4.48,1/5/2022,
20220524T191730_2614231121589262_2.0.wav,4.43,1/5/2022,
20220524T192730_2614231121589262_2.0.wav,4.47,1/5/2022,
20220524T193730_2614231121589262_2.0.wav,4.46,1/5/2022,
20220524T194730_2614231121589262_2.0.wav,4.48,1/5/2022,
20220524T195730_2614231121589262_2.0.wav,4.44,1/5/2022,
20220524T200731_2614231121589262_2.0.wav,4.45,1/5/2022,
20220524T201731_2614231121589262_2.0.wav,4.43,1/5/2022,
20220524T202731_2614231121589262_2.0.wav,4.44,1/5/2022,
20220524T203731_2614231121589262_2.0.wav,4.44,1/5/2022,
20220524T204731_2614231121589262_2.0.wav,4.36,1/5/2022,
20220524T205731_2614231121589262_2.0.wav,4.39,1/5/2022,
20220524T210731_2614231121589262_2.0.wav,4.39,1/5/2022,
20220524T211731_2614231121589262_2.0.wav,4.37,1/5/2022,
20220524T212731_2614231121589262_2.0.wav,4.35,1/5/2022,
20220524T213731_2614231121589262_2.0.wav,4.38,1/5/2022,
20220524T214731_2614231121589262_2.0.wav,4.34,1/5/2022,
20220524T215731_2614231121589262_2.0.wav,4.38,1/5/2022,
20220524T220731_2614231121589262_2.0.wav,4.37,1/5/2022,
20220524T221731_2614231121589262_2.0.wav,4.36,1/5/2022,
20220524T222731_2614231121589262_2.0.wav,4.34,1/5/2022,
20220524T223731_2614231121589262_2.0.wav,4.36,1/5/2022,
20220524T224731_2614231121589262_2.0.wav,4.3,1/5/2022,
20220524T225731_2614231121589262_2.0.wav,4.3,1/5/2022,
20220524T230731_2614231121589262_2.0.wav,4.29,1/5/2022,
20220524T231731_2614231121589262_2.0.wav,4.32,1/5/2022,
20220524T232731_2614231121589262_2.0.wav,4.29,1/5/2022,
20220524T233731_2614231121589262_2.0.wav,4.32,1/5/2022,
20220524T234731_2614231121589262_2.0.wav,4.34,1/5/2022,
20220524T235731_2614231121589262_2.0.wav,4.31,1/5/2022,
20220525T000731_2614231121589262_2.0.wav,4.3,1/5/2022,
20220525T001731_2614231121589262_2.0.wav,4.3,1/5/2022,
20220525T002731_2614231121589262_2.0.wav,4.26,1/5/2022,
20220525T003732_2614231121589262_2.0.wav,4.26,1/5/2022,
20220525T004732_2614231121589262_2.0.wav,4.24,1/5/2022,
20220525T005732_2614231121589262_2.0.wav,4.27,1/5/2022,
20220525T010732_2614231121589262_2.0.wav,4.26,1/5/2022,
20220525T011732_2614231121589262_2.0.wav,4.3,1/5/2022,
20220525T012732_2614231121589262_2.0.wav,4.25,1/5/2022,
20220525T013732_2614231121589262_2.0.wav,4.3,1/5/2022,
20220525T014732_2614231121589262_2.0.wav,4.26,1/5/2022,
20220525T015732_2614231121589262_2.0.wav,4.26,1/5/2022,
20220525T020732_2614231121589262_2.0.wav,4.25,1/5/2022,
20220525T021732_2614231121589262_2.0.wav,4.23,1/5/2022,
20220525T022732_2614231121589262_2.0.wav,4.24,1/5/2022,
20220525T023732_2614231121589262_2.0.wav,4.26,1/5/2022,
20220525T024732_2614231121589262_2.0.wav,4.27,1/5/2022,
20220525T025732_2614231121589262_2.0.wav,4.24,1/5/2022,
20220525T030732_2614231121589262_2.0.wav,4.24,1/5/2022,
20220525T031732_2614231121589262_2.0.wav,4.23,1/5/2022,
20220525T032732_2614231121589262_2.0.wav,4.25,1/5/2022,
20220525T033732_2614231121589262_2.0.wav,4.24,1/5/2022,
20220525T034732_2614231121589262_2.0.wav,4.25,1/5/2022,
20220525T035732_2614231121589262_2.0.wav,4.23,1/5/2022,
20220525T040732_2614231121589262_2.0.wav,4.24,1/5/2022,
20220525T041733_2614231121589262_2.0.wav,4.24,1/5/2022,
20220525T042733_2614231121589262_2.0.wav,4.21,1/5/2022,
20220525T043733_2614231121589262_2.0.wav,4.22,1/5/2022,
20220525T044733_2614231121589262_2.0.wav,4.22,1/5/2022,
20220525T045733_2614231121589262_2.0.wav,4.22,1/5/2022,
20220525T050733_2614231121589262_2.0.wav,4.21,1/5/2022,
20220525T051733_2614231121589262_2.0.wav,4.25,1/5/2022,
20220525T052733_2614231121589262_2.0.wav,4.24,1/5/2022,
20220525T053733_2614231121589262_2.0.wav,4.24,1/5/2022,
20220525T054733_2614231121589262_2.0.wav,4.23,1/5/2022,
20220525T055733_2614231121589262_2.0.wav,4.22,1/5/2022,
20220525T060733_2614231121589262_2.0.wav,4.22,1/5/2022,
20220525T061733_2614231121589262_2.0.wav,4.22,1/5/2022,
20220525T062733_2614231121589262_2.0.wav,4.22,1/5/2022,
20220525T063733_2614231121589262_2.0.wav,4.23,1/5/2022,
20220525T064733_2614231121589262_2.0.wav,4.19,1/5/2022,
20220525T065733_2614231121589262_2.0.wav,4.22,1/5/2022,
20220525T070733_2614231121589262_2.0.wav,4.23,1/5/2022,
20220525T071733_2614231121589262_2.0.wav,4.2,1/5/2022,
20220525T072733_2614231121589262_2.0.wav,4.24,1/5/2022,
20220525T073734_2614231121589262_2.0.wav,4.22,1/5/2022,
20220525T074734_2614231121589262_2.0.wav,4.23,1/5/2022,
20220525T075734_2614231121589262_2.0.wav,4.23,1/5/2022,
20220525T080734_2614231121589262_2.0.wav,4.24,1/5/2022,
20220525T081734_2614231121589262_2.0.wav,4.19,1/5/2022,
20220525T082734_2614231121589262_2.0.wav,4.18,1/5/2022,
20220525T083734_2614231121589262_2.0.wav,4.16,1/5/2022,
20220525T084734_2614231121589262_2.0.wav,4.16,1/5/2022,
20220525T085734_2614231121589262_2.0.wav,4.19,1/5/2022,
20220525T090734_2614231121589262_2.0.wav,4.18,1/5/2022,
20220525T091734_2614231121589262_2.0.wav,4.18,1/5/2022,
20220525T092734_2614231121589262_2.0.wav,4.2,1/5/2022,
20220525T093734_2614231121589262_2.0.wav,4.19,1/5/2022,
20220525T094734_2614231121589262_2.0.wav,4.19,1/5/2022,
20220525T095734_2614231121589262_2.0.wav,4.18,1/5/2022,
20220525T100734_2614231121589262_2.0.wav,4.2,1/5/2022,
20220525T101734_2614231121589262_2.0.wav,4.19,1/5/2022,
20220525T102734_2614231121589262_2.0.wav,4.17,1/5/2022,
20220525T103734_2614231121589262_2.0.wav,4.16,1/5/2022,
20220525T104735_2614231121589262_2.0.wav,4.12,1/5/2022,
20220525T105735_2614231121589262_2.0.wav,4.15,1/5/2022,
20220525T110735_2614231121589262_2.0.wav,4.15,1/5/2022,
20220525T111735_2614231121589262_2.0.wav,4.2,1/5/2022,
20220525T112735_2614231121589262_2.0.wav,4.18,1/5/2022,
20220525T113735_2614231121589262_2.0.wav,4.19,1/5/2022,
20220525T114735_2614231121589262_2.0.wav,4.17,1/5/2022,
20220525T115735_2614231121589262_2.0.wav,4.19,1/5/2022,
20220525T120735_2614231121589262_2.0.wav,4.13,1/5/2022,
20220525T121735_2614231121589262_2.0.wav,4.14,1/5/2022,
20220525T122735_2614231121589262_2.0.wav,4.1,1/5/2022,
20220525T123735_2614231121589262_2.0.wav,4.14,1/5/2022,
20220525T124735_2614231121589262_2.0.wav,4.13,1/5/2022,
20220525T125735_2614231121589262_2.0.wav,4.16,1/5/2022,
20220525T130735_2614231121589262_2.0.wav,4.15,1/5/2022,
20220525T131736_2614231121589262_2.0.wav,4.15,1/5/2022,
20220525T132736_2614231121589262_2.0.wav,4.15,1/5/2022,
20220525T133736_2614231121589262_2.0.wav,4.14,1/5/2022,
20220525T134736_2614231121589262_2.0.wav,4.12,1/5/2022,
20220525T135736_2614231121589262_2.0.wav,4.16,1/5/2022,
20220525T140736_2614231121589262_2.0.wav,4.14,1/5/2022,
20220525T141736_2614231121589262_2.0.wav,4.15,1/5/2022,
20220525T142736_2614231121589262_2.0.wav,4.11,1/5/2022,
20220525T143736_2614231121589262_2.0.wav,4.09,1/5/2022,
20220525T144736_2614231121589262_2.0.wav,4.09,1/5/2022,
20220525T145736_2614231121589262_2.0.wav,4.09,1/5/2022,
20220525T150736_2614231121589262_2.0.wav,4.06,1/5/2022,
20220525T151736_2614231121589262_2.0.wav,4.12,1/5/2022,
20220525T152736_2614231121589262_2.0.wav,4.13,1/5/2022,
20220525T153736_2614231121589262_2.0.wav,4.14,1/5/2022,
20220525T154736_2614231121589262_2.0.wav,4.14,1/5/2022,
20220525T155736_2614231121589262_2.0.wav,4.11,1/5/2022,
20220525T160737_2614231121589262_2.0.wav,4.11,1/5/2022,
20220525T161737_2614231121589262_2.0.wav,4.12,1/5/2022,
20220525T162737_2614231121589262_2.0.wav,4.07,1/5/2022,
20220525T163737_2614231121589262_2.0.wav,4.12,1/5/2022,
20220525T164737_2614231121589262_2.0.wav,4.06,1/5/2022,
20220525T165737_2614231121589262_2.0.wav,4.11,1/5/2022,
20220525T170737_2614231121589262_2.0.wav,4.08,1/5/2022,
20220525T171737_2614231121589262_2.0.wav,4.13,1/5/2022,
20220525T172737_2614231121589262_2.0.wav,4.13,1/5/2022,
20220525T173737_2614231121589262_2.0.wav,4.16,1/5/2022,
20220525T174737_2614231121589262_2.0.wav,4.15,1/5/2022,
20220525T175737_2614231121589262_2.0.wav,4.11,1/5/2022,
20220525T180737_2614231121589262_2.0.wav,4.08,1/5/2022,
20220525T181737_2614231121589262_2.0.wav,4.1,1/5/2022,
20220525T182738_2614231121589262_2.0.wav,4.07,1/5/2022,
20220525T183738_2614231121589262_2.0.wav,4.1,1/5/2022,
20220525T184738_2614231121589262_2.0.wav,4.09,1/5/2022,
20220525T185738_2614231121589262_2.0.wav,4.07,1/5/2022,
20220525T190738_2614231121589262_2.0.wav,4.09,1/5/2022,
20220525T191738_2614231121589262_2.0.wav,4.11,1/5/2022,
20220525T192738_2614231121589262_2.0.wav,4.11,1/5/2022,
20220525T193738_2614231121589262_2.0.wav,4.11,1/5/2022,
20220525T194738_2614231121589262_2.0.wav,4.11,1/5/2022,
20220525T195738_2614231121589262_2.0.wav,4.12,1/5/2022,
20220525T200738_2614231121589262_2.0.wav,4.11,1/5/2022,
20220525T201738_2614231121589262_2.0.wav,4.1,1/5/2022,
20220525T202738_2614231121589262_2.0.wav,4.08,1/5/2022,
20220525T203739_2614231121589262_2.0.wav,4.07,1/5/2022,
20220525T204739_2614231121589262_2.0.wav,4.1,1/5/2022,
20220525T205739_2614231121589262_2.0.wav,4.11,1/5/2022,
20220525T210739_2614231121589262_2.0.wav,4.08,1/5/2022,
20220525T211739_2614231121589262_2.0.wav,4.12,1/5/2022,
20220525T212739_2614231121589262_2.0.wav,4.11,1/5/2022,
20220525T213739_2614231121589262_2.0.wav,4.09,1/5/2022,
20220525T214739_2614231121589262_2.0.wav,4.11,1/5/2022,
20220525T215739_2614231121589262_2.0.wav,4.1,1/5/2022,
20220525T220739_2614231121589262_2.0.wav,4.12,1/5/2022,
20220525T221739_2614231121589262_2.0.wav,4.09,1/5/2022,
20220525T222739_2614231121589262_2.0.wav,4.1,1/5/2022,
20220525T223739_2614231121589262_2.0.wav,4.09,1/5/2022,
20220525T224740_2614231121589262_2.0.wav,4.05,1/5/2022,
20220525T225740_2614231121589262_2.0.wav,4.12,1/5/2022,
20220525T230740_2614231121589262_2.0.wav,4.05,1/5/2022,
20220525T231740_2614231121589262_2.0.wav,4.03,1/5/2022,
20220525T232740_2614231121589262_2.0.wav,4.1,1/5/2022,
20220525T233740_2614231121589262_2.0.wav,4.11,1/5/2022,
20220525T234740_2614231121589262_2.0.wav,4.11,1/5/2022,
20220525T235740_2614231121589262_2.0.wav,4.11,1/5/2022,
20220526T000740_2614231121589262_2.0.wav,4.09,1/5/2022,
20220526T001740_2614231121589262_2.0.wav,4.06,1/5/2022,
20220526T002740_2614231121589262_2.0.wav,4.05,1/5/2022,
20220526T003741_2614231121589262_2.0.wav,4.07,1/5/2022,
20220526T004741_2614231121589262_2.0.wav,4.07,1/5/2022,
20220526T005741_2614231121589262_2.0.wav,4.03,1/5/2022,
20220526T010742_2614231121589262_2.0.wav,3.98,1/5/2022,
20220526T011742_2614231121589262_2.0.wav,4.03,1/5/2022,
20220526T012743_2614231121589262_2.0.wav,4.03,1/5/2022,
20220526T013743_2614231121589262_2.0.wav,4.07,1/5/2022,
20220526T014743_2614231121589262_2.0.wav,4.08,1/5/2022,
20220526T015743_2614231121589262_2.0.wav,4.07,1/5/2022,
20220526T020743_2614231121589262_2.0.wav,4.12,1/5/2022,
20220526T021743_2614231121589262_2.0.wav,4.02,1/5/2022,
20220526T022743_2614231121589262_2.0.wav,4,1/5/2022,
20220526T023743_2614231121589262_2.0.wav,4.06,1/5/2022,
20220526T024743_2614231121589262_2.0.wav,3.99,1/5/2022,
20220526T025743_2614231121589262_2.0.wav,4.01,1/5/2022,
20220526T030744_2614231121589262_2.0.wav,4.01,1/5/2022,
20220526T031744_2614231121589262_2.0.wav,4.04,1/5/2022,
20220526T032744_2614231121589262_2.0.wav,4.03,1/5/2022,
20220526T033744_2614231121589262_2.0.wav,4.02,1/5/2022,
20220526T034744_2614231121589262_2.0.wav,4.07,1/5/2022,
20220526T035744_2614231121589262_2.0.wav,4.03,1/5/2022,
20220526T040744_2614231121589262_2.0.wav,4.04,1/5/2022,
20220526T041744_2614231121589262_2.0.wav,4.01,1/5/2022,
20220526T042744_2614231121589262_2.0.wav,4,1/5/2022,
20220526T043744_2614231121589262_2.0.wav,3.97,1/5/2022,
20220526T044744_2614231121589262_2.0.wav,3.99,1/5/2022,
20220526T045746_2614231121589262_2.0.wav,3.98,1/5/2022,
20220526T050746_2614231121589262_2.0.wav,3.97,1/5/2022,
20220526T051746_2614231121589262_2.0.wav,4.03,1/5/2022,
20220526T052746_2614231121589262_2.0.wav,3.98,1/5/2022,
20220526T053746_2614231121589262_2.0.wav,4.01,1/5/2022,
20220526T054747_2614231121589262_2.0.wav,4.06,1/5/2022,
20220526T055747_2614231121589262_2.0.wav,4.04,1/5/2022,
20220526T060747_2614231121589262_2.0.wav,4,1/5/2022,
20220526T061747_2614231121589262_2.0.wav,3.98,1/5/2022,
20220526T062748_2614231121589262_2.0.wav,4,1/5/2022,
20220526T063749_2614231121589262_2.0.wav,3.98,1/5/2022,
20220526T064749_2614231121589262_2.0.wav,3.96,1/5/2022,
20220526T065749_2614231121589262_2.0.wav,4.01,1/5/2022,
20220526T070749_2614231121589262_2.0.wav,3.97,1/5/2022,
20220526T071749_2614231121589262_2.0.wav,3.97,1/5/2022,
20220526T072749_2614231121589262_2.0.wav,3.98,1/5/2022,
20220526T073749_2614231121589262_2.0.wav,3.98,1/5/2022,
20220526T074751_2614231121589262_2.0.wav,3.97,1/5/2022,
20220526T075751_2614231121589262_2.0.wav,4.01,1/5/2022,
20220526T080751_2614231121589262_2.0.wav,4,1/5/2022,
20220526T081751_2614231121589262_2.0.wav,3.97,1/5/2022,
20220526T082751_2614231121589262_2.0.wav,3.97,1/5/2022,
20220526T083751_2614231121589262_2.0.wav,3.98,1/5/2022,
20220526T084751_2614231121589262_2.0.wav,3.98,1/5/2022,
20220526T085753_2614231121589262_2.0.wav,3.94,1/5/2022,
20220526T090753_2614231121589262_2.0.wav,3.94,1/5/2022,
20220526T091753_2614231121589262_2.0.wav,3.94,1/5/2022,
20220526T092753_2614231121589262_2.0.wav,3.96,1/5/2022,
20220526T093753_2614231121589262_2.0.wav,3.92,1/5/2022,
20220526T094754_2614231121589262_2.0.wav,3.98,1/5/2022,
20220526T095754_2614231121589262_2.0.wav,3.98,1/5/2022,
20220526T100754_2614231121589262_2.0.wav,3.97,1/5/2022,
20220526T101755_2614231121589262_2.0.wav,3.98,1/5/2022,
20220526T102756_2614231121589262_2.0.wav,3.93,1/5/2022,
20220526T103756_2614231121589262_2.0.wav,3.93,1/5/2022,
20220526T104756_2614231121589262_2.0.wav,3.91,1/5/2022,
20220526T105756_2614231121589262_2.0.wav,3.95,1/5/2022,
20220526T110756_2614231121589262_2.0.wav,3.92,1/5/2022,
20220526T111756_2614231121589262_2.0.wav,3.93,1/5/2022,
20220526T112756_2614231121589262_2.0.wav,3.92,1/5/2022,
20220526T113758_2614231121589262_2.0.wav,3.95,1/5/2022,
20220526T114758_2614231121589262_2.0.wav,3.96,1/5/2022,
20220526T115758_2614231121589262_2.0.wav,3.93,1/5/2022,
20220526T120758_2614231121589262_2.0.wav,3.92,1/5/2022,
20220526T121758_2614231121589262_2.0.wav,3.93,1/5/2022,
20220526T122758_2614231121589262_2.0.wav,3.91,1/5/2022,
20220526T123758_2614231121589262_2.0.wav,3.93,1/5/2022,
20220526T124759_2614231121589262_2.0.wav,3.92,1/5/2022,
20220526T125759_2614231121589262_2.0.wav,3.89,1/5/2022,
20220526T130800_2614231121589262_2.0.wav,3.9,1/5/2022,
20220526T131800_2614231121589262_2.0.wav,3.86,1/5/2022,
20220526T132800_2614231121589262_2.0.wav,3.9,1/5/2022,
20220526T133801_2614231121589262_2.0.wav,3.93,1/5/2022,
20220526T134801_2614231121589262_2.0.wav,3.93,1/5/2022,
20220526T135801_2614231121589262_2.0.wav,3.92,1/5/2022,
20220526T140802_2614231121589262_2.0.wav,3.92,1/5/2022,
20220526T141803_2614231121589262_2.0.wav,3.9,1/5/2022,
20220526T142803_2614231121589262_2.0.wav,3.91,1/5/2022,
20220526T143804_2614231121589262_2.0.wav,3.95,1/5/2022,
20220526T144804_2614231121589262_2.0.wav,3.91,1/5/2022,
20220526T145811_2614231121589262_2.0.wav,3.92,1/5/2022,
20220526T150811_2614231121589262_2.0.wav,3.9,1/5/2022,
20220526T151811_2614231121589262_2.0.wav,3.9,1/5/2022,
20220526T152811_2614231121589262_2.0.wav,3.87,1/5/2022,
20220526T153811_2614231121589262_2.0.wav,3.91,1/5/2022,
20220526T154811_2614231121589262_2.0.wav,3.89,1/5/2022,
20220526T155811_2614231121589262_2.0.wav,3.91,1/5/2022,
20220526T160811_2614231121589262_2.0.wav,3.93,1/5/2022,
20220526T161811_2614231121589262_2.0.wav,3.91,1/5/2022,
20220526T162812_2614231121589262_2.0.wav,3.87,1/5/2022,
20220526T163812_2614231121589262_2.0.wav,3.89,1/5/2022,
20220526T164812_2614231121589262_2.0.wav,3.89,1/5/2022,
20220526T165812_2614231121589262_2.0.wav,3.86,1/5/2022,
20220526T170812_2614231121589262_2.0.wav,3.9,1/5/2022,
20220526T171812_2614231121589262_2.0.wav,3.87,1/5/2022,
20220526T172812_2614231121589262_2.0.wav,3.9,1/5/2022,
20220526T173812_2614231121589262_2.0.wav,3.92,1/5/2022,
20220526T174813_2614231121589262_2.0.wav,3.89,1/5/2022,
20220526T175816_2614231121589262_2.0.wav,3.91,1/5/2022,
20220526T180816_2614231121589262_2.0.wav,3.92,1/5/2022,good
20220526T181816_2614231121589262_2.0.wav,3.91,1/5/2022,
20220526T182816_2614231121589262_2.0.wav,3.87,1/5/2022,
20220526T183816_2614231121589262_2.0.wav,3.85,1/5/2022,
20220526T184816_2614231121589262_2.0.wav,3.88,1/5/2022,
20220526T185816_2614231121589262_2.0.wav,3.87,1/5/2022,
20220526T190817_2614231121589262_2.0.wav,3.89,1/5/2022,
20220526T191817_2614231121589262_2.0.wav,3.91,1/5/2022,
20220526T192818_2614231121589262_2.0.wav,3.91,1/5/2022,
20220526T193818_2614231121589262_2.0.wav,3.88,1/5/2022,
20220526T194818_2614231121589262_2.0.wav,3.91,1/5/2022,
20220526T195819_2614231121589262_2.0.wav,3.88,1/5/2022,
20220526T200819_2614231121589262_2.0.wav,3.9,1/5/2022,good
20220526T201819_2614231121589262_2.0.wav,3.87,1/5/2022,
20220526T202823_2614231121589262_2.0.wav,3.86,1/5/2022,
20220526T203824_2614231121589262_2.0.wav,3.87,1/5/2022,
20220526T204824_2614231121589262_2.0.wav,3.89,1/5/2022,
20220526T205824_2614231121589262_2.0.wav,3.86,1/5/2022,
20220526T210824_2614231121589262_2.0.wav,3.86,1/5/2022,
20220526T211824_2614231121589262_2.0.wav,3.88,1/5/2022,
20220526T212824_2614231121589262_2.0.wav,3.92,1/5/2022,
20220526T213824_2614231121589262_2.0.wav,3.88,1/5/2022,
20220526T214824_2614231121589262_2.0.wav,3.85,1/5/2022,
20220526T215826_2614231121589262_2.0.wav,3.88,1/5/2022,
20220526T220826_2614231121589262_2.0.wav,3.87,1/5/2022,good
20220526T221826_2614231121589262_2.0.wav,3.86,1/5/2022,
20220526T222826_2614231121589262_2.0.wav,3.83,1/5/2022,
20220526T223827_2614231121589262_2.0.wav,3.82,1/5/2022,
20220526T224827_2614231121589262_2.0.wav,3.86,1/5/2022,
20220526T225830_2614231121589262_2.0.wav,3.88,1/5/2022,
20220526T230830_2614231121589262_2.0.wav,3.87,1/5/2022,good
20220526T231830_2614231121589262_2.0.wav,3.87,1/5/2022,
20220526T232830_2614231121589262_2.0.wav,3.83,1/5/2022,
20220526T233830_2614231121589262_2.0.wav,3.85,1/5/2022,
20220526T234831_2614231121589262_2.0.wav,3.84,1/5/2022,
20220526T235832_2614231121589262_2.0.wav,3.84,1/5/2022,Noise spiking from hydrophone
20220527T000832_2614231121589262_2.0.wav,3.78,1/5/2022,Noise spiking from hydrophone
20220527T001835_2614231121589262_2.0.wav,3.82,1/5/2022,
20220527T002835_2614231121589262_2.0.wav,3.8,1/5/2022,
20220527T003836_2614231121589262_2.0.wav,3.77,1/5/2022,
20220527T004837_2614231121589262_2.0.wav,3.8,1/5/2022,
20220527T005837_2614231121589262_2.0.wav,3.83,1/5/2022,
20220527T010837_2614231121589262_2.0.wav,3.8,1/5/2022,
20220527T011838_2614231121589262_2.0.wav,3.82,1/5/2022,
20220527T012838_2614231121589262_2.0.wav,3.86,1/5/2022,
20220527T013838_2614231121589262_2.0.wav,3.78,1/5/2022,
20220527T014838_2614231121589262_2.0.wav,3.82,1/5/2022,
20220527T015839_2614231121589262_2.0.wav,3.79,1/5/2022,
20220527T020840_2614231121589262_2.0.wav,3.75,1/5/2022,
20220527T021840_2614231121589262_2.0.wav,3.81,1/5/2022,
20220527T022840_2614231121589262_2.0.wav,3.78,1/5/2022,
20220527T023842_2614231121589262_2.0.wav,3.78,1/5/2022,
20220527T024842_2614231121589262_2.0.wav,3.8,1/5/2022,
20220527T025842_2614231121589262_2.0.wav,3.79,1/5/2022,
20220527T030842_2614231121589262_2.0.wav,3.84,1/5/2022,
20220527T031842_2614231121589262_2.0.wav,3.81,1/5/2022,
20220527T032842_2614231121589262_2.0.wav,3.8,1/5/2022,
20220527T033843_2614231121589262_2.0.wav,3.8,1/5/2022,
20220527T034843_2614231121589262_2.0.wav,3.79,1/5/2022,
20220527T035844_2614231121589262_2.0.wav,3.75,1/5/2022,
20220527T040845_2614231121589262_2.0.wav,3.77,1/5/2022,
20220527T041845_2614231121589262_2.0.wav,3.78,1/5/2022,
20220527T042845_2614231121589262_2.0.wav,3.77,1/5/2022,
20220527T043845_2614231121589262_2.0.wav,3.77,1/5/2022,
20220527T044845_2614231121589262_2.0.wav,3.78,1/5/2022,
20220527T045845_2614231121589262_2.0.wav,3.78,1/5/2022,
20220527T050846_2614231121589262_2.0.wav,3.8,1/5/2022,
20220527T051846_2614231121589262_2.0.wav,3.78,1/5/2022,
20220527T052846_2614231121589262_2.0.wav,3.81,1/5/2022,
20220527T053846_2614231121589262_2.0.wav,3.78,1/5/2022,
20220527T054846_2614231121589262_2.0.wav,3.81,1/5/2022,
20220527T055848_2614231121589262_2.0.wav,3.73,1/5/2022,
20220527T060848_2614231121589262_2.0.wav,3.75,1/5/2022,
20220527T061848_2614231121589262_2.0.wav,3.79,1/5/2022,
20220527T062848_2614231121589262_2.0.wav,3.79,1/5/2022,
20220527T063848_2614231121589262_2.0.wav,3.77,1/5/2022,
20220527T064849_2614231121589262_2.0.wav,3.76,1/5/2022,
20220527T065852_2614231121589262_2.0.wav,3.78,1/5/2022,
20220527T070852_2614231121589262_2.0.wav,3.79,1/5/2022,
20220527T071852_2614231121589262_2.0.wav,3.76,1/5/2022,
20220527T072852_2614231121589262_2.0.wav,3.77,1/5/2022,
20220527T073853_2614231121589262_2.0.wav,3.77,1/5/2022,
20220527T074853_2614231121589262_2.0.wav,3.75,1/5/2022,
20220527T075853_2614231121589262_2.0.wav,3.8,1/5/2022,
20220527T080853_2614231121589262_2.0.wav,3.73,1/5/2022,
20220527T081853_2614231121589262_2.0.wav,3.74,1/5/2022,
20220527T082853_2614231121589262_2.0.wav,3.75,1/5/2022,
20220527T083853_2614231121589262_2.0.wav,3.76,1/5/2022,
20220527T084854_2614231121589262_2.0.wav,3.75,1/5/2022,
20220527T085857_2614231121589262_2.0.wav,3.77,1/5/2022,
20220527T090857_2614231121589262_2.0.wav,3.78,1/5/2022,
20220527T091857_2614231121589262_2.0.wav,3.76,1/5/2022,
20220527T092857_2614231121589262_2.0.wav,3.74,1/5/2022,
20220527T093858_2614231121589262_2.0.wav,3.74,1/5/2022,
20220527T094858_2614231121589262_2.0.wav,3.77,1/5/2022,
20220527T095858_2614231121589262_2.0.wav,3.78,1/5/2022,
20220527T100858_2614231121589262_2.0.wav,3.74,1/5/2022,
20220527T101858_2614231121589262_2.0.wav,3.72,1/5/2022,
20220527T102858_2614231121589262_2.0.wav,3.75,1/5/2022,
20220527T103902_2614231121589262_2.0.wav,3.75,1/5/2022,
20220527T104902_2614231121589262_2.0.wav,3.72,1/5/2022,
20220527T105902_2614231121589262_2.0.wav,3.74,1/5/2022,
20220527T110902_2614231121589262_2.0.wav,3.77,1/5/2022,
20220527T111902_2614231121589262_2.0.wav,3.78,1/5/2022,
20220527T112903_2614231121589262_2.0.wav,3.8,1/5/2022,
20220527T113903_2614231121589262_2.0.wav,3.79,1/5/2022,
20220527T114903_2614231121589262_2.0.wav,3.76,1/5/2022,
20220527T115903_2614231121589262_2.0.wav,3.77,1/5/2022,
20220527T120903_2614231121589262_2.0.wav,3.74,1/5/2022,
20220527T121903_2614231121589262_2.0.wav,3.74,1/5/2022,
20220527T122904_2614231121589262_2.0.wav,3.74,1/5/2022,
20220527T123904_2614231121589262_2.0.wav,3.76,1/5/2022,
20220527T124904_2614231121589262_2.0.wav,3.72,1/5/2022,
20220527T125904_2614231121589262_2.0.wav,3.75,1/5/2022,
20220527T130904_2614231121589262_2.0.wav,3.77,1/5/2022,
20220527T131904_2614231121589262_2.0.wav,3.76,1/5/2022,
20220527T132905_2614231121589262_2.0.wav,3.72,1/5/2022,
20220527T133905_2614231121589262_2.0.wav,3.76,1/5/2022,
20220527T134905_2614231121589262_2.0.wav,3.76,1/5/2022,
20220527T135905_2614231121589262_2.0.wav,3.74,1/5/2022,
20220527T140905_2614231121589262_2.0.wav,3.74,1/5/2022,
20220527T141906_2614231121589262_2.0.wav,3.75,1/5/2022,
20220527T142906_2614231121589262_2.0.wav,2.97,1/5/2022,
Stopping because Voltage less than 3.0 V,,,
filename, Voltage, Version,
20220527T143950_2614231121589262_2.0.wav,3.85,1/5/2022,
20220527T145011_2614231121589262_2.0.wav,3.78,1/5/2022,
20220527T150011_2614231121589262_2.0.wav,3.79,1/5/2022,
20220527T151014_2614231121589262_2.0.wav,3.8,1/5/2022,
20220527T152014_2614231121589262_2.0.wav,3.82,1/5/2022,
20220527T153015_2614231121589262_2.0.wav,3.8,1/5/2022,
20220527T154015_2614231121589262_2.0.wav,3.8,1/5/2022,
20220527T155015_2614231121589262_2.0.wav,3.79,1/5/2022,
20220527T160015_2614231121589262_2.0.wav,3.8,1/5/2022,
20220527T161015_2614231121589262_2.0.wav,3.79,1/5/2022,
20220527T162015_2614231121589262_2.0.wav,3.75,1/5/2022,
20220527T163016_2614231121589262_2.0.wav,3.78,1/5/2022,
20220527T164016_2614231121589262_2.0.wav,3.77,1/5/2022,
20220527T165016_2614231121589262_2.0.wav,3.79,1/5/2022,
20220527T170016_2614231121589262_2.0.wav,3.75,1/5/2022,
20220527T171018_2614231121589262_2.0.wav,3.79,1/5/2022,
20220527T172018_2614231121589262_2.0.wav,3.79,1/5/2022,
20220527T173018_2614231121589262_2.0.wav,3.79,1/5/2022,
20220527T174018_2614231121589262_2.0.wav,3.79,1/5/2022,
20220527T175019_2614231121589262_2.0.wav,3.79,1/5/2022,
20220527T180019_2614231121589262_2.0.wav,3.79,1/5/2022,
20220527T181019_2614231121589262_2.0.wav,3.78,1/5/2022,
20220527T182019_2614231121589262_2.0.wav,3.78,1/5/2022,
20220527T183021_2614231121589262_2.0.wav,3.78,1/5/2022,
20220527T184021_2614231121589262_2.0.wav,3.77,1/5/2022,
20220527T185021_2614231121589262_2.0.wav,3.74,1/5/2022,
20220527T190021_2614231121589262_2.0.wav,3.78,1/5/2022,
20220527T191022_2614231121589262_2.0.wav,3.75,1/5/2022,
20220527T192022_2614231121589262_2.0.wav,3.77,1/5/2022,
20220527T193022_2614231121589262_2.0.wav,3.76,1/5/2022,
20220527T194022_2614231121589262_2.0.wav,3.77,1/5/2022,
20220527T195022_2614231121589262_2.0.wav,3.78,1/5/2022,
20220527T200022_2614231121589262_2.0.wav,3.78,1/5/2022,
20220527T201023_2614231121589262_2.0.wav,3.77,1/5/2022,
20220527T202023_2614231121589262_2.0.wav,3.74,1/5/2022,
20220527T203023_2614231121589262_2.0.wav,3.75,1/5/2022,
20220527T204023_2614231121589262_2.0.wav,3.73,1/5/2022,
20220527T205025_2614231121589262_2.0.wav,3.76,1/5/2022,
20220527T210025_2614231121589262_2.0.wav,3.75,1/5/2022,
20220527T211025_2614231121589262_2.0.wav,3.77,1/5/2022,
20220527T212027_2614231121589262_2.0.wav,3.77,1/5/2022,
20220527T213027_2614231121589262_2.0.wav,3.77,1/5/2022,
20220527T214027_2614231121589262_2.0.wav,3.73,1/5/2022,
20220527T215027_2614231121589262_2.0.wav,3.76,1/5/2022,
20220527T220028_2614231121589262_2.0.wav,3.75,1/5/2022,
20220527T221028_2614231121589262_2.0.wav,3.76,1/5/2022,
20220527T222028_2614231121589262_2.0.wav,3.74,1/5/2022,
20220527T223028_2614231121589262_2.0.wav,3.73,1/5/2022,
20220527T224028_2614231121589262_2.0.wav,3.74,1/5/2022,
20220527T225029_2614231121589262_2.0.wav,3.75,1/5/2022,
20220527T230029_2614231121589262_2.0.wav,3.77,1/5/2022,
20220527T231032_2614231121589262_2.0.wav,3.78,1/5/2022,
20220527T232032_2614231121589262_2.0.wav,3.74,1/5/2022,
20220527T233034_2614231121589262_2.0.wav,3.76,1/5/2022,
20220527T234034_2614231121589262_2.0.wav,3.75,1/5/2022,
20220527T235034_2614231121589262_2.0.wav,3.74,1/5/2022,
20220528T000034_2614231121589262_2.0.wav,3.72,1/5/2022,
20220528T001036_2614231121589262_2.0.wav,3.72,1/5/2022,
20220528T002036_2614231121589262_2.0.wav,3.74,1/5/2022,
20220528T003036_2614231121589262_2.0.wav,3.73,1/5/2022,
20220528T004037_2614231121589262_2.0.wav,3.72,1/5/2022,
20220528T005040_2614231121589262_2.0.wav,3.73,1/5/2022,
20220528T010040_2614231121589262_2.0.wav,3.77,1/5/2022,
20220528T011040_2614231121589262_2.0.wav,3.78,1/5/2022,
20220528T012040_2614231121589262_2.0.wav,3.76,1/5/2022,
20220528T013041_2614231121589262_2.0.wav,3.72,1/5/2022,
20220528T014041_2614231121589262_2.0.wav,3.73,1/5/2022,
20220528T015041_2614231121589262_2.0.wav,3.72,1/5/2022,
20220528T020041_2614231121589262_2.0.wav,3.73,1/5/2022,
20220528T021043_2614231121589262_2.0.wav,3.71,1/5/2022,
20220528T022043_2614231121589262_2.0.wav,3.71,1/5/2022,
20220528T023043_2614231121589262_2.0.wav,3.72,1/5/2022,
20220528T024044_2614231121589262_2.0.wav,3.7,1/5/2022,
20220528T025044_2614231121589262_2.0.wav,3.71,1/5/2022,
20220528T030044_2614231121589262_2.0.wav,3.73,1/5/2022,
20220528T031044_2614231121589262_2.0.wav,3.74,1/5/2022,
20220528T032052_2614231121589262_2.0.wav,3.75,1/5/2022,
20220528T033052_2614231121589262_2.0.wav,3.75,1/5/2022,
20220528T034052_2614231121589262_2.0.wav,3.72,1/5/2022,
20220528T035053_2614231121589262_2.0.wav,3.74,1/5/2022,
20220528T040053_2614231121589262_2.0.wav,3.7,1/5/2022,
20220528T041053_2614231121589262_2.0.wav,3.69,1/5/2022,
20220528T042053_2614231121589262_2.0.wav,3.68,1/5/2022,
20220528T043053_2614231121589262_2.0.wav,3.68,1/5/2022,
20220528T044053_2614231121589262_2.0.wav,3.71,1/5/2022,
20220528T045054_2614231121589262_2.0.wav,3.7,1/5/2022,
20220528T050054_2614231121589262_2.0.wav,3.67,1/5/2022,
20220528T051054_2614231121589262_2.0.wav,3.69,1/5/2022,
20220528T052054_2614231121589262_2.0.wav,3.7,1/5/2022,
20220528T053054_2614231121589262_2.0.wav,3.72,1/5/2022,
20220528T054055_2614231121589262_2.0.wav,3.71,1/5/2022,
20220528T055055_2614231121589262_2.0.wav,3.72,1/5/2022,
20220528T060055_2614231121589262_2.0.wav,3.7,1/5/2022,
20220528T061055_2614231121589262_2.0.wav,3.67,1/5/2022,
20220528T062055_2614231121589262_2.0.wav,3.64,1/5/2022,
20220528T063056_2614231121589262_2.0.wav,3.62,1/5/2022,
20220528T064056_2614231121589262_2.0.wav,3.62,1/5/2022,
20220528T065100_2614231121589262_2.0.wav,3.6,1/5/2022,
20220528T070103_2614231121589262_2.0.wav,3.65,1/5/2022,
20220528T071103_2614231121589262_2.0.wav,3.65,1/5/2022,
20220528T072103_2614231121589262_2.0.wav,3.63,1/5/2022,
20220528T073103_2614231121589262_2.0.wav,3.67,1/5/2022,
20220528T074104_2614231121589262_2.0.wav,3.64,1/5/2022,
20220528T075104_2614231121589262_2.0.wav,3.68,1/5/2022,
20220528T080104_2614231121589262_2.0.wav,3.65,1/5/2022,
20220528T081108_2614231121589262_2.0.wav,3.59,1/5/2022,
filename, Voltage, Version,
20220528T083350_2614231121589262_2.0.wav,2.8,1/5/2022,
Stopping because Voltage less than 3.0 V,,,
